year,policy_scenario,objective,target_region,global_recovered_lithium_t,target_recovered_lithium_t,target_share_pct,processed_scrap_t,route_modeled_cost,transport_cost,recycling_cost,carbon_cost,policy_cost
2050,reference_policy,economic_choice_baseline,Global,1684102.4335815096,0.0,0.0,116468553.8076376,162841428.4423679,12403382.625463601,135571969.17670375,1050488.970161337,13815587.670039216
2050,reference_policy,global_li_max_benchmark,Global,1719555.5020996877,0.0,0.0,116468553.8076376,210102523.37312454,12403892.310161196,182832554.42276278,1050488.970161337,13815587.670039222
2050,reference_policy,domestic_li_allocation_objective,China,1719555.5020996872,1481905.5940983365,86.17957328442351,116468553.80763762,210104538.72488537,12407117.383010097,182831344.7016747,1050488.970161337,13815587.670039222
2050,reference_policy,domestic_li_allocation_objective,United States,1719555.5020996872,153066.19790286312,8.901497957812905,116468553.8076376,210102523.37312382,12403892.310161196,182832554.42276207,1050488.970161337,13815587.670039222
2050,reference_policy,domestic_li_allocation_objective,European Union,1719555.5020996877,784871.4787222748,45.64385841363633,116468553.80763762,248129497.2332363,11309045.043181136,223702304.71215087,2054668.2157340834,11063479.262170237
