"year","policy_scenario","strategy","processed_scrap_t","unprocessed_scrap_t","contained_lithium_t","recovered_lithium_t","recycling_CO2_t","total_objective_cost","cross_border_scrap_t"
"2030","reference_policy","Strategy 3","4553741.048207438","24.27808190303014","75378.27351601435","66491.17506847627","2347195.8622245686","31710853.345591195","1174702.2073570748"
"2030","current_policy","Strategy 3","4553741.048207439","24.27808190303014","75378.27351601436","66491.17506847627","2347195.8622245686","31841509.071580358","1174702.2073570746"
"2030","strict_policy","Strategy 3","4553741.048207439","24.27808190303014","75378.27351601435","66491.17506847627","2347195.862224568","31887097.476100877","1174702.2073570746"
"2030","critical_route_policy","Strategy 3","4553741.048207439","24.27808190303014","75378.27351601436","66491.17506847627","2347195.862224568","31780856.119846597","1174702.2073570746"
"2030","domestic_processing_policy","Strategy 3","3379038.8408503635","1174726.4854389776","56736.38985929464","50047.169494883805","1756452.8761551953","1174731929043.3955","0.0"
