From Region,To Region,Amount Transported,Remaining Storage
Belgium,Germany,0.16400000000000012,4.859238420275212
Viet Nam,Korea,1.0999999999999897,21.587386147019597
